{"cameraMode":{"drawMode":0,"name":"Shaded","section":"Shading Mode"},"sceneLighting":true,"audioPlay":false,"sceneViewState":{"showFog":true,"showMaterialUpdate":true,"showSkybox":true,"showFlares":true,"showImageEffects":true,"showParticleSystems":true},"in2DMode":false,"pivot":{"x":10979.7451171875,"y":-7733.26953125,"z":-7548.38671875},"rotation":{"x":0.12132921814918518,"y":0.8635859489440918,"z":-0.2485145777463913,"w":0.421634703874588},"size":15773.0888671875,"orthographic":false}